{
    "loss": 8.542043685913086,
    "accuracy": 0.5686274766921997
}